-- phpMyAdmin SQL Dump
-- version 4.9.5
-- https://www.phpmyadmin.net/
--
-- Host: localhost:3306
-- Generation Time: Feb 20, 2021 at 09:54 AM
-- Server version: 10.3.27-MariaDB-log-cll-lve
-- PHP Version: 7.3.6

SET SQL_MODE = "NO_AUTO_VALUE_ON_ZERO";
SET AUTOCOMMIT = 0;
START TRANSACTION;
SET time_zone = "+00:00";


/*!40101 SET @OLD_CHARACTER_SET_CLIENT=@@CHARACTER_SET_CLIENT */;
/*!40101 SET @OLD_CHARACTER_SET_RESULTS=@@CHARACTER_SET_RESULTS */;
/*!40101 SET @OLD_COLLATION_CONNECTION=@@COLLATION_CONNECTION */;
/*!40101 SET NAMES utf8mb4 */;

--
-- Database: `akubisa2_evo_db`
--

-- --------------------------------------------------------

--
-- Table structure for table `m_kabupaten`
--

CREATE TABLE `m_kabupaten` (
  `id` int(11) NOT NULL,
  `provinsi_id` int(11) NOT NULL,
  `name` varchar(50) NOT NULL DEFAULT ''
) ENGINE=InnoDB DEFAULT CHARSET=utf8;

--
-- Dumping data for table `m_kabupaten`
--

INSERT INTO `m_kabupaten` (`id`, `provinsi_id`, `name`) VALUES
(3501, 35, 'KABUPATEN PACITAN'),
(3502, 35, 'KABUPATEN PONOROGO'),
(3503, 35, 'KABUPATEN TRENGGALEK'),
(3504, 35, 'KABUPATEN TULUNGAGUNG'),
(3505, 35, 'KABUPATEN BLITAR'),
(3506, 35, 'KABUPATEN KEDIRI'),
(3507, 35, 'KABUPATEN MALANG'),
(3508, 35, 'KABUPATEN LUMAJANG'),
(3509, 35, 'KABUPATEN JEMBER'),
(3510, 35, 'KABUPATEN BANYUWANGI'),
(3511, 35, 'KABUPATEN BONDOWOSO'),
(3512, 35, 'KABUPATEN SITUBONDO'),
(3513, 35, 'KABUPATEN PROBOLINGGO'),
(3514, 35, 'KABUPATEN PASURUAN'),
(3515, 35, 'KABUPATEN SIDOARJO'),
(3516, 35, 'KABUPATEN MOJOKERTO'),
(3517, 35, 'KABUPATEN JOMBANG'),
(3518, 35, 'KABUPATEN NGANJUK'),
(3519, 35, 'KABUPATEN MADIUN'),
(3520, 35, 'KABUPATEN MAGETAN'),
(3521, 35, 'KABUPATEN NGAWI'),
(3522, 35, 'KABUPATEN BOJONEGORO'),
(3523, 35, 'KABUPATEN TUBAN'),
(3524, 35, 'KABUPATEN LAMONGAN'),
(3525, 35, 'KABUPATEN GRESIK'),
(3526, 35, 'KABUPATEN BANGKALAN'),
(3527, 35, 'KABUPATEN SAMPANG'),
(3528, 35, 'KABUPATEN PAMEKASAN'),
(3529, 35, 'KABUPATEN SUMENEP'),
(3571, 35, 'KOTA KEDIRI'),
(3572, 35, 'KOTA BLITAR'),
(3573, 35, 'KOTA MALANG'),
(3574, 35, 'KOTA PROBOLINGGO'),
(3575, 35, 'KOTA PASURUAN'),
(3576, 35, 'KOTA MOJOKERTO'),
(3577, 35, 'KOTA MADIUN'),
(3578, 35, 'KOTA SURABAYA'),
(3579, 35, 'KOTA BATU');

-- --------------------------------------------------------

--
-- Table structure for table `m_kecamatan`
--

CREATE TABLE `m_kecamatan` (
  `id` int(11) NOT NULL,
  `kabupaten_id` int(11) NOT NULL,
  `name` varchar(50) NOT NULL DEFAULT '',
  `radius` varchar(50) DEFAULT NULL,
  `latitude` varchar(50) DEFAULT NULL,
  `longitude` varchar(50) DEFAULT NULL
) ENGINE=InnoDB DEFAULT CHARSET=utf8;

--
-- Dumping data for table `m_kecamatan`
--

INSERT INTO `m_kecamatan` (`id`, `kabupaten_id`, `name`, `radius`, `latitude`, `longitude`) VALUES
(3501010, 3501, 'DONOROJO', NULL, NULL, NULL),
(3501020, 3501, 'PUNUNG', NULL, NULL, NULL),
(3501030, 3501, 'PRINGKUKU', NULL, NULL, NULL),
(3501040, 3501, 'PACITAN', NULL, NULL, NULL),
(3501050, 3501, 'KEBONAGUNG', NULL, NULL, NULL),
(3501060, 3501, 'ARJOSARI', NULL, NULL, NULL),
(3501070, 3501, 'NAWANGAN', NULL, NULL, NULL),
(3501080, 3501, 'BANDAR', NULL, NULL, NULL),
(3501090, 3501, 'TEGALOMBO', NULL, NULL, NULL),
(3501100, 3501, 'TULAKAN', NULL, NULL, NULL),
(3501110, 3501, 'NGADIROJO', NULL, NULL, NULL),
(3501120, 3501, 'SUDIMORO', NULL, NULL, NULL),
(3502010, 3502, 'NGRAYUN', NULL, NULL, NULL),
(3502020, 3502, 'SLAHUNG', NULL, NULL, NULL),
(3502030, 3502, 'BUNGKAL', NULL, NULL, NULL),
(3502040, 3502, 'SAMBIT', NULL, NULL, NULL),
(3502050, 3502, 'SAWOO', NULL, NULL, NULL),
(3502060, 3502, 'SOOKO', NULL, NULL, NULL),
(3502061, 3502, 'PUDAK', NULL, NULL, NULL),
(3502070, 3502, 'PULUNG', NULL, NULL, NULL),
(3502080, 3502, 'MLARAK', NULL, NULL, NULL),
(3502090, 3502, 'SIMAN', NULL, NULL, NULL),
(3502100, 3502, 'JETIS', NULL, NULL, NULL),
(3502110, 3502, 'BALONG', NULL, NULL, NULL),
(3502120, 3502, 'KAUMAN', NULL, NULL, NULL),
(3502130, 3502, 'JAMBON', NULL, NULL, NULL),
(3502140, 3502, 'BADEGAN', NULL, NULL, NULL),
(3502150, 3502, 'SAMPUNG', NULL, NULL, NULL),
(3502160, 3502, 'SUKOREJO', NULL, NULL, NULL),
(3502170, 3502, 'PONOROGO', NULL, NULL, NULL),
(3502180, 3502, 'BABADAN', NULL, NULL, NULL),
(3502190, 3502, 'JENANGAN', NULL, NULL, NULL),
(3502200, 3502, 'NGEBEL', NULL, NULL, NULL),
(3503010, 3503, 'PANGGUL', NULL, NULL, NULL),
(3503020, 3503, 'MUNJUNGAN', NULL, NULL, NULL),
(3503030, 3503, 'WATULIMO', NULL, NULL, NULL),
(3503040, 3503, 'KAMPAK', NULL, NULL, NULL),
(3503050, 3503, 'DONGKO', NULL, NULL, NULL),
(3503060, 3503, 'PULE', NULL, NULL, NULL),
(3503070, 3503, 'KARANGAN', NULL, NULL, NULL),
(3503071, 3503, 'SURUH', NULL, NULL, NULL),
(3503080, 3503, 'GANDUSARI', NULL, NULL, NULL),
(3503090, 3503, 'DURENAN', NULL, NULL, NULL),
(3503100, 3503, 'POGALAN', NULL, NULL, NULL),
(3503110, 3503, 'TRENGGALEK', NULL, NULL, NULL),
(3503120, 3503, 'TUGU', NULL, NULL, NULL),
(3503130, 3503, 'BENDUNGAN', NULL, NULL, NULL),
(3504010, 3504, 'BESUKI', NULL, NULL, NULL),
(3504020, 3504, 'BANDUNG', NULL, NULL, NULL),
(3504030, 3504, 'PAKEL', NULL, NULL, NULL),
(3504040, 3504, 'CAMPUR DARAT', NULL, NULL, NULL),
(3504050, 3504, 'TANGGUNG GUNUNG', NULL, NULL, NULL),
(3504060, 3504, 'KALIDAWIR', NULL, NULL, NULL),
(3504070, 3504, 'PUCANG LABAN', NULL, NULL, NULL),
(3504080, 3504, 'REJOTANGAN', NULL, NULL, NULL),
(3504090, 3504, 'NGUNUT', NULL, NULL, NULL),
(3504100, 3504, 'SUMBERGEMPOL', NULL, NULL, NULL),
(3504110, 3504, 'BOYOLANGU', NULL, NULL, NULL),
(3504120, 3504, 'TULUNGAGUNG', NULL, NULL, NULL),
(3504130, 3504, 'KEDUNGWARU', NULL, NULL, NULL),
(3504140, 3504, 'NGANTRU', NULL, NULL, NULL),
(3504150, 3504, 'KARANGREJO', NULL, NULL, NULL),
(3504160, 3504, 'KAUMAN', NULL, NULL, NULL),
(3504170, 3504, 'GONDANG', NULL, NULL, NULL),
(3504180, 3504, 'PAGER WOJO', NULL, NULL, NULL),
(3504190, 3504, 'SENDANG', NULL, NULL, NULL),
(3505010, 3505, 'BAKUNG', NULL, NULL, NULL),
(3505020, 3505, 'WONOTIRTO', NULL, NULL, NULL),
(3505030, 3505, 'PANGGUNGREJO', NULL, NULL, NULL),
(3505040, 3505, 'WATES', NULL, NULL, NULL),
(3505050, 3505, 'BINANGUN', NULL, NULL, NULL),
(3505060, 3505, 'SUTOJAYAN', NULL, NULL, NULL),
(3505070, 3505, 'KADEMANGAN', NULL, NULL, NULL),
(3505080, 3505, 'KANIGORO', NULL, NULL, NULL),
(3505090, 3505, 'TALUN', NULL, NULL, NULL),
(3505100, 3505, 'SELOPURO', NULL, NULL, NULL),
(3505110, 3505, 'KESAMBEN', NULL, NULL, NULL),
(3505120, 3505, 'SELOREJO', NULL, NULL, NULL),
(3505130, 3505, 'DOKO', NULL, NULL, NULL),
(3505140, 3505, 'WLINGI', NULL, NULL, NULL),
(3505150, 3505, 'GANDUSARI', NULL, NULL, NULL),
(3505160, 3505, 'GARUM', NULL, NULL, NULL),
(3505170, 3505, 'NGLEGOK', NULL, NULL, NULL),
(3505180, 3505, 'SANANKULON', NULL, NULL, NULL),
(3505190, 3505, 'PONGGOK', NULL, NULL, NULL),
(3505200, 3505, 'SRENGAT', NULL, NULL, NULL),
(3505210, 3505, 'WONODADI', NULL, NULL, NULL),
(3505220, 3505, 'UDANAWU', NULL, NULL, NULL),
(3506010, 3506, 'MOJO', NULL, NULL, NULL),
(3506020, 3506, 'SEMEN', NULL, NULL, NULL),
(3506030, 3506, 'NGADILUWIH', NULL, NULL, NULL),
(3506040, 3506, 'KRAS', NULL, NULL, NULL),
(3506050, 3506, 'RINGINREJO', NULL, NULL, NULL),
(3506060, 3506, 'KANDAT', NULL, NULL, NULL),
(3506070, 3506, 'WATES', NULL, NULL, NULL),
(3506080, 3506, 'NGANCAR', NULL, NULL, NULL),
(3506090, 3506, 'PLOSOKLATEN', NULL, NULL, NULL),
(3506100, 3506, 'GURAH', NULL, NULL, NULL),
(3506110, 3506, 'PUNCU', NULL, NULL, NULL),
(3506120, 3506, 'KEPUNG', NULL, NULL, NULL),
(3506130, 3506, 'KANDANGAN', NULL, NULL, NULL),
(3506140, 3506, 'PARE', NULL, NULL, NULL),
(3506141, 3506, 'BADAS', NULL, NULL, NULL),
(3506150, 3506, 'KUNJANG', NULL, NULL, NULL),
(3506160, 3506, 'PLEMAHAN', NULL, NULL, NULL),
(3506170, 3506, 'PURWOASRI', NULL, NULL, NULL),
(3506180, 3506, 'PAPAR', NULL, NULL, NULL),
(3506190, 3506, 'PAGU', NULL, NULL, NULL),
(3506191, 3506, 'KAYEN KIDUL', NULL, NULL, NULL),
(3506200, 3506, 'GAMPENGREJO', NULL, NULL, NULL),
(3506201, 3506, 'NGASEM', NULL, NULL, NULL),
(3506210, 3506, 'BANYAKAN', NULL, NULL, NULL),
(3506220, 3506, 'GROGOL', NULL, NULL, NULL),
(3506230, 3506, 'TAROKAN', NULL, NULL, NULL),
(3507010, 3507, 'DONOMULYO', NULL, NULL, NULL),
(3507020, 3507, 'KALIPARE', NULL, NULL, NULL),
(3507030, 3507, 'PAGAK', NULL, NULL, NULL),
(3507040, 3507, 'BANTUR', NULL, NULL, NULL),
(3507050, 3507, 'GEDANGAN', NULL, NULL, NULL),
(3507060, 3507, 'SUMBERMANJING', NULL, NULL, NULL),
(3507070, 3507, 'DAMPIT', NULL, NULL, NULL),
(3507080, 3507, 'TIRTO YUDO', NULL, NULL, NULL),
(3507090, 3507, 'AMPELGADING', NULL, NULL, NULL),
(3507100, 3507, 'PONCOKUSUMO', NULL, NULL, NULL),
(3507110, 3507, 'WAJAK', NULL, NULL, NULL),
(3507120, 3507, 'TUREN', NULL, NULL, NULL),
(3507130, 3507, 'BULULAWANG', NULL, NULL, NULL),
(3507140, 3507, 'GONDANGLEGI', NULL, NULL, NULL),
(3507150, 3507, 'PAGELARAN', NULL, NULL, NULL),
(3507160, 3507, 'KEPANJEN', NULL, NULL, NULL),
(3507170, 3507, 'SUMBER PUCUNG', NULL, NULL, NULL),
(3507180, 3507, 'KROMENGAN', NULL, NULL, NULL),
(3507190, 3507, 'NGAJUM', NULL, NULL, NULL),
(3507200, 3507, 'WONOSARI', NULL, NULL, NULL),
(3507210, 3507, 'WAGIR', NULL, NULL, NULL),
(3507220, 3507, 'PAKISAJI', NULL, NULL, NULL),
(3507230, 3507, 'TAJINAN', NULL, NULL, NULL),
(3507240, 3507, 'TUMPANG', NULL, NULL, NULL),
(3507250, 3507, 'PAKIS', NULL, NULL, NULL),
(3507260, 3507, 'JABUNG', NULL, NULL, NULL),
(3507270, 3507, 'LAWANG', NULL, NULL, NULL),
(3507280, 3507, 'SINGOSARI', NULL, NULL, NULL),
(3507290, 3507, 'KARANGPLOSO', NULL, NULL, NULL),
(3507300, 3507, 'DAU', NULL, NULL, NULL),
(3507310, 3507, 'PUJON', NULL, NULL, NULL),
(3507320, 3507, 'NGANTANG', NULL, NULL, NULL),
(3507330, 3507, 'KASEMBON', NULL, NULL, NULL),
(3508010, 3508, 'TEMPURSARI', NULL, NULL, NULL),
(3508020, 3508, 'PRONOJIWO', NULL, NULL, NULL),
(3508030, 3508, 'CANDIPURO', NULL, NULL, NULL),
(3508040, 3508, 'PASIRIAN', NULL, NULL, NULL),
(3508050, 3508, 'TEMPEH', NULL, NULL, NULL),
(3508060, 3508, 'LUMAJANG', NULL, NULL, NULL),
(3508061, 3508, 'SUMBERSUKO', NULL, NULL, NULL),
(3508070, 3508, 'TEKUNG', NULL, NULL, NULL),
(3508080, 3508, 'KUNIR', NULL, NULL, NULL),
(3508090, 3508, 'YOSOWILANGUN', NULL, NULL, NULL),
(3508100, 3508, 'ROWOKANGKUNG', NULL, NULL, NULL),
(3508110, 3508, 'JATIROTO', NULL, NULL, NULL),
(3508120, 3508, 'RANDUAGUNG', NULL, NULL, NULL),
(3508130, 3508, 'SUKODONO', NULL, NULL, NULL),
(3508140, 3508, 'PADANG', NULL, NULL, NULL),
(3508150, 3508, 'PASRUJAMBE', NULL, NULL, NULL),
(3508160, 3508, 'SENDURO', NULL, NULL, NULL),
(3508170, 3508, 'GUCIALIT', NULL, NULL, NULL),
(3508180, 3508, 'KEDUNGJAJANG', NULL, NULL, NULL),
(3508190, 3508, 'KLAKAH', NULL, NULL, NULL),
(3508200, 3508, 'RANUYOSO', NULL, NULL, NULL),
(3509010, 3509, 'KENCONG', NULL, NULL, NULL),
(3509020, 3509, 'GUMUK MAS', NULL, NULL, NULL),
(3509030, 3509, 'PUGER', NULL, NULL, NULL),
(3509040, 3509, 'WULUHAN', NULL, NULL, NULL),
(3509050, 3509, 'AMBULU', NULL, NULL, NULL),
(3509060, 3509, 'TEMPUREJO', NULL, NULL, NULL),
(3509070, 3509, 'SILO', NULL, NULL, NULL),
(3509080, 3509, 'MAYANG', NULL, NULL, NULL),
(3509090, 3509, 'MUMBULSARI', NULL, NULL, NULL),
(3509100, 3509, 'JENGGAWAH', NULL, NULL, NULL),
(3509110, 3509, 'AJUNG', NULL, NULL, NULL),
(3509120, 3509, 'RAMBIPUJI', NULL, NULL, NULL),
(3509130, 3509, 'BALUNG', NULL, NULL, NULL),
(3509140, 3509, 'UMBULSARI', NULL, NULL, NULL),
(3509150, 3509, 'SEMBORO', NULL, NULL, NULL),
(3509160, 3509, 'JOMBANG', NULL, NULL, NULL),
(3509170, 3509, 'SUMBER BARU', NULL, NULL, NULL),
(3509180, 3509, 'TANGGUL', NULL, NULL, NULL),
(3509190, 3509, 'BANGSALSARI', NULL, NULL, NULL),
(3509200, 3509, 'PANTI', NULL, NULL, NULL),
(3509210, 3509, 'SUKORAMBI', NULL, NULL, NULL),
(3509220, 3509, 'ARJASA', NULL, NULL, NULL),
(3509230, 3509, 'PAKUSARI', NULL, NULL, NULL),
(3509240, 3509, 'KALISAT', NULL, NULL, NULL),
(3509250, 3509, 'LEDOKOMBO', NULL, NULL, NULL),
(3509260, 3509, 'SUMBERJAMBE', NULL, NULL, NULL),
(3509270, 3509, 'SUKOWONO', NULL, NULL, NULL),
(3509280, 3509, 'JELBUK', NULL, NULL, NULL),
(3509710, 3509, 'KALIWATES', NULL, NULL, NULL),
(3509720, 3509, 'SUMBERSARI', NULL, NULL, NULL),
(3509730, 3509, 'PATRANG', NULL, NULL, NULL),
(3510010, 3510, 'PESANGGARAN', NULL, NULL, NULL),
(3510011, 3510, 'SILIRAGUNG', NULL, NULL, NULL),
(3510020, 3510, 'BANGOREJO', NULL, NULL, NULL),
(3510030, 3510, 'PURWOHARJO', NULL, NULL, NULL),
(3510040, 3510, 'TEGALDLIMO', NULL, NULL, NULL),
(3510050, 3510, 'MUNCAR', NULL, NULL, NULL),
(3510060, 3510, 'CLURING', NULL, NULL, NULL),
(3510070, 3510, 'GAMBIRAN', NULL, NULL, NULL),
(3510071, 3510, 'TEGALSARI', NULL, NULL, NULL),
(3510080, 3510, 'GLENMORE', NULL, NULL, NULL),
(3510090, 3510, 'KALIBARU', NULL, NULL, NULL),
(3510100, 3510, 'GENTENG', NULL, NULL, NULL),
(3510110, 3510, 'SRONO', NULL, NULL, NULL),
(3510120, 3510, 'ROGOJAMPI', NULL, NULL, NULL),
(3510130, 3510, 'KABAT', NULL, NULL, NULL),
(3510140, 3510, 'SINGOJURUH', NULL, NULL, NULL),
(3510150, 3510, 'SEMPU', NULL, NULL, NULL),
(3510160, 3510, 'SONGGON', NULL, NULL, NULL),
(3510170, 3510, 'GLAGAH', NULL, NULL, NULL),
(3510171, 3510, 'LICIN', NULL, NULL, NULL),
(3510180, 3510, 'BANYUWANGI', NULL, NULL, NULL),
(3510190, 3510, 'GIRI', NULL, NULL, NULL),
(3510200, 3510, 'KALIPURO', NULL, NULL, NULL),
(3510210, 3510, 'WONGSOREJO', NULL, NULL, NULL),
(3511010, 3511, 'MAESAN', NULL, NULL, NULL),
(3511020, 3511, 'GRUJUGAN', NULL, NULL, NULL),
(3511030, 3511, 'TAMANAN', NULL, NULL, NULL),
(3511031, 3511, 'JAMBESARI DARUS SHOLAH', NULL, NULL, NULL),
(3511040, 3511, 'PUJER', NULL, NULL, NULL),
(3511050, 3511, 'TLOGOSARI', NULL, NULL, NULL),
(3511060, 3511, 'SUKOSARI', NULL, NULL, NULL),
(3511061, 3511, 'SUMBER WRINGIN', NULL, NULL, NULL),
(3511070, 3511, 'TAPEN', NULL, NULL, NULL),
(3511080, 3511, 'WONOSARI', NULL, NULL, NULL),
(3511090, 3511, 'TENGGARANG', NULL, NULL, NULL),
(3511100, 3511, 'BONDOWOSO', NULL, NULL, NULL),
(3511110, 3511, 'CURAH DAMI', NULL, NULL, NULL),
(3511111, 3511, 'BINAKAL', NULL, NULL, NULL),
(3511120, 3511, 'PAKEM', NULL, NULL, NULL),
(3511130, 3511, 'WRINGIN', NULL, NULL, NULL),
(3511140, 3511, 'TEGALAMPEL', NULL, NULL, NULL),
(3511141, 3511, 'TAMAN KROCOK', NULL, NULL, NULL),
(3511150, 3511, 'KLABANG', NULL, NULL, NULL),
(3511152, 3511, 'BOTOLINGGO', NULL, NULL, NULL),
(3511160, 3511, 'PRAJEKAN', NULL, NULL, NULL),
(3511170, 3511, 'CERMEE', NULL, NULL, NULL),
(3511171, 3511, 'SEMPOL', NULL, NULL, NULL),
(3512010, 3512, 'SUMBERMALANG', NULL, NULL, NULL),
(3512020, 3512, 'JATIBANTENG', NULL, NULL, NULL),
(3512030, 3512, 'BANYUGLUGUR', NULL, NULL, NULL),
(3512040, 3512, 'BESUKI', NULL, NULL, NULL),
(3512050, 3512, 'SUBOH', NULL, NULL, NULL),
(3512060, 3512, 'MLANDINGAN', NULL, NULL, NULL),
(3512070, 3512, 'BUNGATAN', NULL, NULL, NULL),
(3512080, 3512, 'KENDIT', NULL, NULL, NULL),
(3512090, 3512, 'PANARUKAN', NULL, NULL, NULL),
(3512100, 3512, 'SITUBONDO', NULL, NULL, NULL),
(3512110, 3512, 'MANGARAN', NULL, NULL, NULL),
(3512120, 3512, 'PANJI', NULL, NULL, NULL),
(3512130, 3512, 'KAPONGAN', NULL, NULL, NULL),
(3512140, 3512, 'ARJASA', NULL, NULL, NULL),
(3512150, 3512, 'JANGKAR', NULL, NULL, NULL),
(3512160, 3512, 'ASEMBAGUS', NULL, NULL, NULL),
(3512170, 3512, 'BANYUPUTIH', NULL, NULL, NULL),
(3513010, 3513, 'SUKAPURA', NULL, NULL, NULL),
(3513020, 3513, 'SUMBER', NULL, NULL, NULL),
(3513030, 3513, 'KURIPAN', NULL, NULL, NULL),
(3513040, 3513, 'BANTARAN', NULL, NULL, NULL),
(3513050, 3513, 'LECES', NULL, NULL, NULL),
(3513060, 3513, 'TEGALSIWALAN', NULL, NULL, NULL),
(3513070, 3513, 'BANYUANYAR', NULL, NULL, NULL),
(3513080, 3513, 'TIRIS', NULL, NULL, NULL),
(3513090, 3513, 'KRUCIL', NULL, NULL, NULL),
(3513100, 3513, 'GADING', NULL, NULL, NULL),
(3513110, 3513, 'PAKUNIRAN', NULL, NULL, NULL),
(3513120, 3513, 'KOTAANYAR', NULL, NULL, NULL),
(3513130, 3513, 'PAITON', NULL, NULL, NULL),
(3513140, 3513, 'BESUK', NULL, NULL, NULL),
(3513150, 3513, 'KRAKSAAN', NULL, NULL, NULL),
(3513160, 3513, 'KREJENGAN', NULL, NULL, NULL),
(3513170, 3513, 'PAJARAKAN', NULL, NULL, NULL),
(3513180, 3513, 'MARON', NULL, NULL, NULL),
(3513190, 3513, 'GENDING', NULL, NULL, NULL),
(3513200, 3513, 'DRINGU', NULL, NULL, NULL),
(3513210, 3513, 'WONOMERTO', NULL, NULL, NULL),
(3513220, 3513, 'LUMBANG', NULL, NULL, NULL),
(3513230, 3513, 'TONGAS', NULL, NULL, NULL),
(3513240, 3513, 'SUMBERASIH', NULL, NULL, NULL),
(3514010, 3514, 'PURWODADI', NULL, NULL, NULL),
(3514020, 3514, 'TUTUR', NULL, NULL, NULL),
(3514030, 3514, 'PUSPO', NULL, NULL, NULL),
(3514040, 3514, 'TOSARI', NULL, NULL, NULL),
(3514050, 3514, 'LUMBANG', NULL, NULL, NULL),
(3514060, 3514, 'PASREPAN', NULL, NULL, NULL),
(3514070, 3514, 'KEJAYAN', NULL, NULL, NULL),
(3514080, 3514, 'WONOREJO', NULL, NULL, NULL),
(3514090, 3514, 'PURWOSARI', NULL, NULL, NULL),
(3514100, 3514, 'PRIGEN', NULL, NULL, NULL),
(3514110, 3514, 'SUKOREJO', NULL, NULL, NULL),
(3514120, 3514, 'PANDAAN', NULL, NULL, NULL),
(3514130, 3514, 'GEMPOL', NULL, NULL, NULL),
(3514140, 3514, 'BEJI', NULL, NULL, NULL),
(3514150, 3514, 'BANGIL', NULL, NULL, NULL),
(3514160, 3514, 'REMBANG', NULL, NULL, NULL),
(3514170, 3514, 'KRATON', NULL, NULL, NULL),
(3514180, 3514, 'POHJENTREK', NULL, NULL, NULL),
(3514190, 3514, 'GONDANG WETAN', NULL, NULL, NULL),
(3514200, 3514, 'REJOSO', NULL, NULL, NULL),
(3514210, 3514, 'WINONGAN', NULL, NULL, NULL),
(3514220, 3514, 'GRATI', NULL, NULL, NULL),
(3514230, 3514, 'LEKOK', NULL, NULL, NULL),
(3514240, 3514, 'NGULING', NULL, NULL, NULL),
(3515010, 3515, 'TARIK', NULL, NULL, NULL),
(3515020, 3515, 'PRAMBON', NULL, NULL, NULL),
(3515030, 3515, 'KREMBUNG', NULL, NULL, NULL),
(3515040, 3515, 'PORONG', NULL, NULL, NULL),
(3515050, 3515, 'JABON', NULL, NULL, NULL),
(3515060, 3515, 'TANGGULANGIN', NULL, NULL, NULL),
(3515070, 3515, 'CANDI', NULL, NULL, NULL),
(3515080, 3515, 'TULANGAN', NULL, NULL, NULL),
(3515090, 3515, 'WONOAYU', NULL, NULL, NULL),
(3515100, 3515, 'SUKODONO', NULL, NULL, NULL),
(3515110, 3515, 'SIDOARJO', NULL, NULL, NULL),
(3515120, 3515, 'BUDURAN', NULL, NULL, NULL),
(3515130, 3515, 'SEDATI', NULL, NULL, NULL),
(3515140, 3515, 'WARU', NULL, NULL, NULL),
(3515150, 3515, 'GEDANGAN', NULL, NULL, NULL),
(3515160, 3515, 'TAMAN', NULL, NULL, NULL),
(3515170, 3515, 'KRIAN', NULL, NULL, NULL),
(3515180, 3515, 'BALONG BENDO', NULL, NULL, NULL),
(3516010, 3516, 'JATIREJO', NULL, '-7.6177', '112.4172'),
(3516020, 3516, 'GONDANG', NULL, '-7.6747', '112.4887'),
(3516030, 3516, 'PACET', NULL, '-7.7019', '112.5483'),
(3516040, 3516, 'TRAWAS', NULL, '-7.6479', '112.6079'),
(3516050, 3516, 'NGORO', NULL, '-7.5656', '112.6318'),
(3516060, 3516, 'PUNGGING', NULL, '-7.5330', '112.5781'),
(3516070, 3516, 'KUTOREJO', NULL, '-7.5658', '112.5111'),
(3516080, 3516, 'MOJOSARI', NULL, '-7.5046', '112.5424'),
(3516090, 3516, 'BANGSAL', NULL, '-7.4989', '112.4843'),
(3516091, 3516, 'MOJOANYAR', NULL, '-7.4775', '112.4828'),
(3516100, 3516, 'DLANGGU', NULL, '-7.5692', '112.4709'),
(3516110, 3516, 'PURI', NULL, '-7.5374', '112.4500'),
(3516120, 3516, 'TROWULAN', NULL, '-7.5534', '112.3874'),
(3516130, 3516, 'SOOKO', NULL, '-7.5015', '112.4113'),
(3516140, 3516, 'GEDEK', NULL, '-7.4414', '112.3993'),
(3516150, 3516, 'KEMLAGI', NULL, '-7.3975', '112.3695'),
(3516160, 3516, 'JETIS', NULL, '-7.4086', '112.4470'),
(3516170, 3516, 'DAWAR BLANDONG', NULL, '-7.3344', '112.4172'),
(3517010, 3517, 'BANDAR KEDUNG MULYO', NULL, NULL, NULL),
(3517020, 3517, 'PERAK', NULL, NULL, NULL),
(3517030, 3517, 'GUDO', NULL, NULL, NULL),
(3517040, 3517, 'DIWEK', NULL, NULL, NULL),
(3517050, 3517, 'NGORO', NULL, NULL, NULL),
(3517060, 3517, 'MOJOWARNO', NULL, NULL, NULL),
(3517070, 3517, 'BARENG', NULL, NULL, NULL),
(3517080, 3517, 'WONOSALAM', NULL, NULL, NULL),
(3517090, 3517, 'MOJOAGUNG', NULL, NULL, NULL),
(3517100, 3517, 'SUMOBITO', NULL, NULL, NULL),
(3517110, 3517, 'JOGO ROTO', NULL, NULL, NULL),
(3517120, 3517, 'PETERONGAN', NULL, NULL, NULL),
(3517130, 3517, 'JOMBANG', NULL, NULL, NULL),
(3517140, 3517, 'MEGALUH', NULL, NULL, NULL),
(3517150, 3517, 'TEMBELANG', NULL, NULL, NULL),
(3517160, 3517, 'KESAMBEN', NULL, NULL, NULL),
(3517170, 3517, 'KUDU', NULL, NULL, NULL),
(3517171, 3517, 'NGUSIKAN', NULL, NULL, NULL),
(3517180, 3517, 'PLOSO', NULL, NULL, NULL),
(3517190, 3517, 'KABUH', NULL, NULL, NULL),
(3517200, 3517, 'PLANDAAN', NULL, NULL, NULL),
(3518010, 3518, 'SAWAHAN', NULL, NULL, NULL),
(3518020, 3518, 'NGETOS', NULL, NULL, NULL),
(3518030, 3518, 'BERBEK', NULL, NULL, NULL),
(3518040, 3518, 'LOCERET', NULL, NULL, NULL),
(3518050, 3518, 'PACE', NULL, NULL, NULL),
(3518060, 3518, 'TANJUNGANOM', NULL, NULL, NULL),
(3518070, 3518, 'PRAMBON', NULL, NULL, NULL),
(3518080, 3518, 'NGRONGGOT', NULL, NULL, NULL),
(3518090, 3518, 'KERTOSONO', NULL, NULL, NULL),
(3518100, 3518, 'PATIANROWO', NULL, NULL, NULL),
(3518110, 3518, 'BARON', NULL, NULL, NULL),
(3518120, 3518, 'GONDANG', NULL, NULL, NULL),
(3518130, 3518, 'SUKOMORO', NULL, NULL, NULL),
(3518140, 3518, 'NGANJUK', NULL, NULL, NULL),
(3518150, 3518, 'BAGOR', NULL, NULL, NULL),
(3518160, 3518, 'WILANGAN', NULL, NULL, NULL),
(3518170, 3518, 'REJOSO', NULL, NULL, NULL),
(3518180, 3518, 'NGLUYU', NULL, NULL, NULL),
(3518190, 3518, 'LENGKONG', NULL, NULL, NULL),
(3518200, 3518, 'JATIKALEN', NULL, NULL, NULL),
(3519010, 3519, 'KEBONSARI', NULL, NULL, NULL),
(3519020, 3519, 'GEGER', NULL, NULL, NULL),
(3519030, 3519, 'DOLOPO', NULL, NULL, NULL),
(3519040, 3519, 'DAGANGAN', NULL, NULL, NULL),
(3519050, 3519, 'WUNGU', NULL, NULL, NULL),
(3519060, 3519, 'KARE', NULL, NULL, NULL),
(3519070, 3519, 'GEMARANG', NULL, NULL, NULL),
(3519080, 3519, 'SARADAN', NULL, NULL, NULL),
(3519090, 3519, 'PILANGKENCENG', NULL, NULL, NULL),
(3519100, 3519, 'MEJAYAN', NULL, NULL, NULL),
(3519110, 3519, 'WONOASRI', NULL, NULL, NULL),
(3519120, 3519, 'BALEREJO', NULL, NULL, NULL),
(3519130, 3519, 'MADIUN', NULL, NULL, NULL),
(3519140, 3519, 'SAWAHAN', NULL, NULL, NULL),
(3519150, 3519, 'JIWAN', NULL, NULL, NULL),
(3520010, 3520, 'PONCOL', NULL, NULL, NULL),
(3520020, 3520, 'PARANG', NULL, NULL, NULL),
(3520030, 3520, 'LEMBEYAN', NULL, NULL, NULL),
(3520040, 3520, 'TAKERAN', NULL, NULL, NULL),
(3520041, 3520, 'NGUNTORONADI', NULL, NULL, NULL),
(3520050, 3520, 'KAWEDANAN', NULL, NULL, NULL),
(3520060, 3520, 'MAGETAN', NULL, NULL, NULL),
(3520061, 3520, 'NGARIBOYO', NULL, NULL, NULL),
(3520070, 3520, 'PLAOSAN', NULL, NULL, NULL),
(3520071, 3520, 'SIDOREJO', NULL, NULL, NULL),
(3520080, 3520, 'PANEKAN', NULL, NULL, NULL),
(3520090, 3520, 'SUKOMORO', NULL, NULL, NULL),
(3520100, 3520, 'BENDO', NULL, NULL, NULL),
(3520110, 3520, 'MAOSPATI', NULL, NULL, NULL),
(3520120, 3520, 'KARANGREJO', NULL, NULL, NULL),
(3520121, 3520, 'KARAS', NULL, NULL, NULL),
(3520130, 3520, 'BARAT', NULL, NULL, NULL),
(3520131, 3520, 'KARTOHARJO', NULL, NULL, NULL),
(3521010, 3521, 'SINE', NULL, NULL, NULL),
(3521020, 3521, 'NGRAMBE', NULL, NULL, NULL),
(3521030, 3521, 'JOGOROGO', NULL, NULL, NULL),
(3521040, 3521, 'KENDAL', NULL, NULL, NULL),
(3521050, 3521, 'GENENG', NULL, NULL, NULL),
(3521051, 3521, 'GERIH', NULL, NULL, NULL),
(3521060, 3521, 'KWADUNGAN', NULL, NULL, NULL),
(3521070, 3521, 'PANGKUR', NULL, NULL, NULL),
(3521080, 3521, 'KARANGJATI', NULL, NULL, NULL),
(3521090, 3521, 'BRINGIN', NULL, NULL, NULL),
(3521100, 3521, 'PADAS', NULL, NULL, NULL),
(3521101, 3521, 'KASREMAN', NULL, NULL, NULL),
(3521110, 3521, 'NGAWI', NULL, NULL, NULL),
(3521120, 3521, 'PARON', NULL, NULL, NULL),
(3521130, 3521, 'KEDUNGGALAR', NULL, NULL, NULL),
(3521140, 3521, 'PITU', NULL, NULL, NULL),
(3521150, 3521, 'WIDODAREN', NULL, NULL, NULL),
(3521160, 3521, 'MANTINGAN', NULL, NULL, NULL),
(3521170, 3521, 'KARANGANYAR', NULL, NULL, NULL),
(3522010, 3522, 'MARGOMULYO', NULL, NULL, NULL),
(3522020, 3522, 'NGRAHO', NULL, NULL, NULL),
(3522030, 3522, 'TAMBAKREJO', NULL, NULL, NULL),
(3522040, 3522, 'NGAMBON', NULL, NULL, NULL),
(3522041, 3522, 'SEKAR', NULL, NULL, NULL),
(3522050, 3522, 'BUBULAN', NULL, NULL, NULL),
(3522051, 3522, 'GONDANG', NULL, NULL, NULL),
(3522060, 3522, 'TEMAYANG', NULL, NULL, NULL),
(3522070, 3522, 'SUGIHWARAS', NULL, NULL, NULL),
(3522080, 3522, 'KEDUNGADEM', NULL, NULL, NULL),
(3522090, 3522, 'KEPOH BARU', NULL, NULL, NULL),
(3522100, 3522, 'BAURENO', NULL, NULL, NULL),
(3522110, 3522, 'KANOR', NULL, NULL, NULL),
(3522120, 3522, 'SUMBEREJO', NULL, NULL, NULL),
(3522130, 3522, 'BALEN', NULL, NULL, NULL),
(3522140, 3522, 'SUKOSEWU', NULL, NULL, NULL),
(3522150, 3522, 'KAPAS', NULL, NULL, NULL),
(3522160, 3522, 'BOJONEGORO', NULL, NULL, NULL),
(3522170, 3522, 'TRUCUK', NULL, NULL, NULL),
(3522180, 3522, 'DANDER', NULL, NULL, NULL),
(3522190, 3522, 'NGASEM', NULL, NULL, NULL),
(3522200, 3522, 'KALITIDU', NULL, NULL, NULL),
(3522210, 3522, 'MALO', NULL, NULL, NULL),
(3522220, 3522, 'PURWOSARI', NULL, NULL, NULL),
(3522230, 3522, 'PADANGAN', NULL, NULL, NULL),
(3522240, 3522, 'KASIMAN', NULL, NULL, NULL),
(3522241, 3522, 'KEDEWAN', NULL, NULL, NULL),
(3523010, 3523, 'KENDURUAN', NULL, NULL, NULL),
(3523020, 3523, 'BANGILAN', NULL, NULL, NULL),
(3523030, 3523, 'SENORI', NULL, NULL, NULL),
(3523040, 3523, 'SINGGAHAN', NULL, NULL, NULL),
(3523050, 3523, 'MONTONG', NULL, NULL, NULL),
(3523060, 3523, 'PARENGAN', NULL, NULL, NULL),
(3523070, 3523, 'SOKO', NULL, NULL, NULL),
(3523080, 3523, 'RENGEL', NULL, NULL, NULL),
(3523081, 3523, 'GRABAGAN', NULL, NULL, NULL),
(3523090, 3523, 'PLUMPANG', NULL, NULL, NULL),
(3523100, 3523, 'WIDANG', NULL, NULL, NULL),
(3523110, 3523, 'PALANG', NULL, NULL, NULL),
(3523120, 3523, 'SEMANDING', NULL, NULL, NULL),
(3523130, 3523, 'TUBAN', NULL, NULL, NULL),
(3523140, 3523, 'JENU', NULL, NULL, NULL),
(3523150, 3523, 'MERAKURAK', NULL, NULL, NULL),
(3523160, 3523, 'KEREK', NULL, NULL, NULL),
(3523170, 3523, 'TAMBAKBOYO', NULL, NULL, NULL),
(3523180, 3523, 'JATIROGO', NULL, NULL, NULL),
(3523190, 3523, 'BANCAR', NULL, NULL, NULL),
(3524010, 3524, 'SUKORAME', NULL, NULL, NULL),
(3524020, 3524, 'BLULUK', NULL, NULL, NULL),
(3524030, 3524, 'NGIMBANG', NULL, NULL, NULL),
(3524040, 3524, 'SAMBENG', NULL, NULL, NULL),
(3524050, 3524, 'MANTUP', NULL, NULL, NULL),
(3524060, 3524, 'KEMBANGBAHU', NULL, NULL, NULL),
(3524070, 3524, 'SUGIO', NULL, NULL, NULL),
(3524080, 3524, 'KEDUNGPRING', NULL, NULL, NULL),
(3524090, 3524, 'MODO', NULL, NULL, NULL),
(3524100, 3524, 'BABAT', NULL, NULL, NULL),
(3524110, 3524, 'PUCUK', NULL, NULL, NULL),
(3524120, 3524, 'SUKODADI', NULL, NULL, NULL),
(3524130, 3524, 'LAMONGAN', NULL, NULL, NULL),
(3524140, 3524, 'TIKUNG', NULL, NULL, NULL),
(3524141, 3524, 'SARIREJO', NULL, NULL, NULL),
(3524150, 3524, 'DEKET', NULL, NULL, NULL),
(3524160, 3524, 'GLAGAH', NULL, NULL, NULL),
(3524170, 3524, 'KARANGBINANGUN', NULL, NULL, NULL),
(3524180, 3524, 'TURI', NULL, NULL, NULL),
(3524190, 3524, 'KALITENGAH', NULL, NULL, NULL),
(3524200, 3524, 'KARANG GENENG', NULL, NULL, NULL),
(3524210, 3524, 'SEKARAN', NULL, NULL, NULL),
(3524220, 3524, 'MADURAN', NULL, NULL, NULL),
(3524230, 3524, 'LAREN', NULL, NULL, NULL),
(3524240, 3524, 'SOLOKURO', NULL, NULL, NULL),
(3524250, 3524, 'PACIRAN', NULL, NULL, NULL),
(3524260, 3524, 'BRONDONG', NULL, NULL, NULL),
(3525010, 3525, 'WRINGINANOM', NULL, NULL, NULL),
(3525020, 3525, 'DRIYOREJO', NULL, NULL, NULL),
(3525030, 3525, 'KEDAMEAN', NULL, NULL, NULL),
(3525040, 3525, 'MENGANTI', NULL, NULL, NULL),
(3525050, 3525, 'CERME', NULL, NULL, NULL),
(3525060, 3525, 'BENJENG', NULL, NULL, NULL),
(3525070, 3525, 'BALONGPANGGANG', NULL, NULL, NULL),
(3525080, 3525, 'DUDUKSAMPEYAN', NULL, NULL, NULL),
(3525090, 3525, 'KEBOMAS', NULL, NULL, NULL),
(3525100, 3525, 'GRESIK', NULL, NULL, NULL),
(3525110, 3525, 'MANYAR', NULL, NULL, NULL),
(3525120, 3525, 'BUNGAH', NULL, NULL, NULL),
(3525130, 3525, 'SIDAYU', NULL, NULL, NULL),
(3525140, 3525, 'DUKUN', NULL, NULL, NULL),
(3525150, 3525, 'PANCENG', NULL, NULL, NULL),
(3525160, 3525, 'UJUNGPANGKAH', NULL, NULL, NULL),
(3525170, 3525, 'SANGKAPURA', NULL, NULL, NULL),
(3525180, 3525, 'TAMBAK', NULL, NULL, NULL),
(3526010, 3526, 'KAMAL', NULL, NULL, NULL),
(3526020, 3526, 'LABANG', NULL, NULL, NULL),
(3526030, 3526, 'KWANYAR', NULL, NULL, NULL),
(3526040, 3526, 'MODUNG', NULL, NULL, NULL),
(3526050, 3526, 'BLEGA', NULL, NULL, NULL),
(3526060, 3526, 'KONANG', NULL, NULL, NULL),
(3526070, 3526, 'GALIS', NULL, NULL, NULL),
(3526080, 3526, 'TANAH MERAH', NULL, NULL, NULL),
(3526090, 3526, 'TRAGAH', NULL, NULL, NULL),
(3526100, 3526, 'SOCAH', NULL, NULL, NULL),
(3526110, 3526, 'BANGKALAN', NULL, NULL, NULL),
(3526120, 3526, 'BURNEH', NULL, NULL, NULL),
(3526130, 3526, 'AROSBAYA', NULL, NULL, NULL),
(3526140, 3526, 'GEGER', NULL, NULL, NULL),
(3526150, 3526, 'KOKOP', NULL, NULL, NULL),
(3526160, 3526, 'TANJUNGBUMI', NULL, NULL, NULL),
(3526170, 3526, 'SEPULU', NULL, NULL, NULL),
(3526180, 3526, 'KLAMPIS', NULL, NULL, NULL),
(3527010, 3527, 'SRESEH', NULL, NULL, NULL),
(3527020, 3527, 'TORJUN', NULL, NULL, NULL),
(3527021, 3527, 'PANGARENGAN', NULL, NULL, NULL),
(3527030, 3527, 'SAMPANG', NULL, NULL, NULL),
(3527040, 3527, 'CAMPLONG', NULL, NULL, NULL),
(3527050, 3527, 'OMBEN', NULL, NULL, NULL),
(3527060, 3527, 'KEDUNGDUNG', NULL, NULL, NULL),
(3527070, 3527, 'JRENGIK', NULL, NULL, NULL),
(3527080, 3527, 'TAMBELANGAN', NULL, NULL, NULL),
(3527090, 3527, 'BANYUATES', NULL, NULL, NULL),
(3527100, 3527, 'ROBATAL', NULL, NULL, NULL),
(3527101, 3527, 'KARANG PENANG', NULL, NULL, NULL),
(3527110, 3527, 'KETAPANG', NULL, NULL, NULL),
(3527120, 3527, 'SOKOBANAH', NULL, NULL, NULL),
(3528010, 3528, 'TLANAKAN', NULL, NULL, NULL),
(3528020, 3528, 'PADEMAWU', NULL, NULL, NULL),
(3528030, 3528, 'GALIS', NULL, NULL, NULL),
(3528040, 3528, 'LARANGAN', NULL, NULL, NULL),
(3528050, 3528, 'PAMEKASAN', NULL, NULL, NULL),
(3528060, 3528, 'PROPPO', NULL, NULL, NULL),
(3528070, 3528, 'PALENGAAN', NULL, NULL, NULL),
(3528080, 3528, 'PEGANTENAN', NULL, NULL, NULL),
(3528090, 3528, 'KADUR', NULL, NULL, NULL),
(3528100, 3528, 'PAKONG', NULL, NULL, NULL),
(3528110, 3528, 'WARU', NULL, NULL, NULL),
(3528120, 3528, 'BATU MARMAR', NULL, NULL, NULL),
(3528130, 3528, 'PASEAN', NULL, NULL, NULL),
(3529010, 3529, 'PRAGAAN', NULL, NULL, NULL),
(3529020, 3529, 'BLUTO', NULL, NULL, NULL),
(3529030, 3529, 'SARONGGI', NULL, NULL, NULL),
(3529040, 3529, 'GILIGENTENG', NULL, NULL, NULL),
(3529050, 3529, 'TALANGO', NULL, NULL, NULL),
(3529060, 3529, 'KALIANGET', NULL, NULL, NULL),
(3529070, 3529, 'KOTA SUMENEP', NULL, NULL, NULL),
(3529071, 3529, 'BATUAN', NULL, NULL, NULL),
(3529080, 3529, 'LENTENG', NULL, NULL, NULL),
(3529090, 3529, 'GANDING', NULL, NULL, NULL),
(3529100, 3529, 'GULUK GULUK', NULL, NULL, NULL),
(3529110, 3529, 'PASONGSONGAN', NULL, NULL, NULL),
(3529120, 3529, 'AMBUNTEN', NULL, NULL, NULL),
(3529130, 3529, 'RUBARU', NULL, NULL, NULL),
(3529140, 3529, 'DASUK', NULL, NULL, NULL),
(3529150, 3529, 'MANDING', NULL, NULL, NULL),
(3529160, 3529, 'BATUPUTIH', NULL, NULL, NULL),
(3529170, 3529, 'GAPURA', NULL, NULL, NULL),
(3529180, 3529, 'BATANG BATANG', NULL, NULL, NULL),
(3529190, 3529, 'DUNGKEK', NULL, NULL, NULL),
(3529200, 3529, 'NONGGUNONG', NULL, NULL, NULL),
(3529210, 3529, 'GAYAM', NULL, NULL, NULL),
(3529220, 3529, 'RAAS', NULL, NULL, NULL),
(3529230, 3529, 'SAPEKEN', NULL, NULL, NULL),
(3529240, 3529, 'ARJASA', NULL, NULL, NULL),
(3529241, 3529, 'KANGAYAN', NULL, NULL, NULL),
(3529250, 3529, 'MASALEMBU', NULL, NULL, NULL),
(3571010, 3571, 'MOJOROTO', NULL, NULL, NULL),
(3571020, 3571, 'KOTA KEDIRI', NULL, NULL, NULL),
(3571030, 3571, 'PESANTREN', NULL, NULL, NULL),
(3572010, 3572, 'SUKOREJO', NULL, NULL, NULL),
(3572020, 3572, 'KEPANJENKIDUL', NULL, NULL, NULL),
(3572030, 3572, 'SANANWETAN', NULL, NULL, NULL),
(3573010, 3573, 'KEDUNGKANDANG', NULL, NULL, NULL),
(3573020, 3573, 'SUKUN', NULL, NULL, NULL),
(3573030, 3573, 'KLOJEN', NULL, NULL, NULL),
(3573040, 3573, 'BLIMBING', NULL, NULL, NULL),
(3573050, 3573, 'LOWOKWARU', NULL, NULL, NULL),
(3574010, 3574, 'KADEMANGAN', NULL, NULL, NULL),
(3574011, 3574, 'KEDOPOK', NULL, NULL, NULL),
(3574020, 3574, 'WONOASIH', NULL, NULL, NULL),
(3574030, 3574, 'MAYANGAN', NULL, NULL, NULL),
(3574031, 3574, 'KANIGARAN', NULL, NULL, NULL),
(3575010, 3575, 'GADINGREJO', NULL, NULL, NULL),
(3575020, 3575, 'PURWOREJO', NULL, NULL, NULL),
(3575030, 3575, 'BUGULKIDUL', NULL, NULL, NULL),
(3576010, 3576, 'PRAJURIT KULON', NULL, NULL, NULL),
(3576020, 3576, 'MAGERSARI', NULL, NULL, NULL),
(3577010, 3577, 'MANGU HARJO', NULL, NULL, NULL),
(3577020, 3577, 'TAMAN', NULL, NULL, NULL),
(3577030, 3577, 'KARTOHARJO', NULL, NULL, NULL),
(3578010, 3578, 'KARANG PILANG', NULL, '-7.3378', '112.6884'),
(3578020, 3578, 'JAMBANGAN', NULL, '-7.3211', '112.7182'),
(3578030, 3578, 'GAYUNGAN', NULL, '-7.3308', '112.7242'),
(3578040, 3578, 'WONOCOLO', NULL, '-7.3198', '112.7420'),
(3578050, 3578, 'TENGGILIS MEJOYO', NULL, '-7.3204', '112.7580'),
(3578060, 3578, 'GUNUNG ANYAR', NULL, '-7.3392', '112.8046'),
(3578070, 3578, 'RUNGKUT', NULL, '-7.3190', '112.8046'),
(3578080, 3578, 'SUKOLILO', NULL, '-7.2882', '112.8165'),
(3578090, 3578, 'MULYOREJO', NULL, '-7.2723', '112.7837'),
(3578100, 3578, 'GUBENG', NULL, '-7.2789', '112.7539'),
(3578110, 3578, 'WONOKROMO', NULL, '-7.3027', '112.7331'),
(3578120, 3578, 'DUKUH PAKIS', NULL, '-7.2968', '112.7003'),
(3578130, 3578, 'WIYUNG', NULL, '-7.3153', '112.6854'),
(3578140, 3578, 'LAKARSANTRI', NULL, '-7.3003', '112.6348'),
(3578141, 3578, 'SAMBIKEREP', NULL, '-7.2768', '112.6497'),
(3578150, 3578, 'TANDES', NULL, '-7.2630', '112.6862'),
(3578160, 3578, 'SUKO MANUNGGAL', NULL, '-7.2643', '112.6973'),
(3578170, 3578, 'SAWAHAN', NULL, '-7.2630', '112.7212'),
(3578180, 3578, 'TEGALSARI', NULL, '-7.2798', '112.7361'),
(3578190, 3578, 'GENTENG', NULL, '-7.2582', '112.7405'),
(3578200, 3578, 'TAMBAKSARI', NULL, '-7.2504', '112.7688'),
(3578210, 3578, 'KENJERAN', NULL, '-7.2203', '112.7688'),
(3578211, 3578, 'BULAK', NULL, '-7.2368', '112.7897'),
(3578220, 3578, 'SIMOKERTO', NULL, '-7.2373', '112.7554'),
(3578230, 3578, 'SEMAMPIR', NULL, '-7.2115', '112.7450'),
(3578240, 3578, 'PABEAN CANTIAN', NULL, '-7.2147', '112.7301'),
(3578250, 3578, 'BUBUTAN', NULL, '-7.2537', '112.7316'),
(3578260, 3578, 'KREMBANGAN', NULL, '-7.2301', '112.7242'),
(3578270, 3578, 'ASEMROWO', NULL, '-7.2347', '112.6854'),
(3578280, 3578, 'BENOWO', NULL, '-7.2374', '112.6094'),
(3578281, 3578, 'PAKAL', NULL, '-7.2283', '112.6139'),
(3579010, 3579, 'BATU', NULL, NULL, NULL),
(3579020, 3579, 'JUNREJO', NULL, NULL, NULL),
(3579030, 3579, 'BUMIAJI', NULL, NULL, NULL),
(9435010, 9435, 'HOMEYO', NULL, NULL, NULL),
(9435020, 9435, 'SUGAPA', NULL, NULL, NULL),
(9435030, 9435, 'HITADIPA', NULL, NULL, NULL),
(9435040, 9435, 'AGISIGA', NULL, NULL, NULL),
(9435050, 9435, 'BIANDOGA', NULL, NULL, NULL),
(9435060, 9435, 'WANDAI', NULL, NULL, NULL);

-- --------------------------------------------------------

--
-- Table structure for table `m_provinsi`
--

CREATE TABLE `m_provinsi` (
  `id` int(11) NOT NULL,
  `name` varchar(50) NOT NULL DEFAULT ''
) ENGINE=InnoDB DEFAULT CHARSET=utf8;

--
-- Dumping data for table `m_provinsi`
--

INSERT INTO `m_provinsi` (`id`, `name`) VALUES
(35, 'JAWA TIMUR');

-- --------------------------------------------------------

--
-- Table structure for table `role`
--

CREATE TABLE `role` (
  `id` int(11) NOT NULL,
  `role` varchar(50) NOT NULL
) ENGINE=InnoDB DEFAULT CHARSET=utf8;

--
-- Dumping data for table `role`
--

INSERT INTO `role` (`id`, `role`) VALUES
(1, 'super-admin'),
(2, 'admin'),
(3, 'admin-regional');

-- --------------------------------------------------------

--
-- Table structure for table `spg`
--

CREATE TABLE `spg` (
  `id` int(11) NOT NULL,
  `team_id` int(11) NOT NULL,
  `username` varchar(20) NOT NULL DEFAULT '',
  `password` varchar(50) NOT NULL DEFAULT '',
  `nama_spg` varchar(50) NOT NULL DEFAULT '',
  `kecamatan` varchar(100) NOT NULL DEFAULT '',
  `location` varchar(100) DEFAULT '',
  `longitude` varchar(255) DEFAULT '',
  `latitude` varchar(255) DEFAULT '',
  `status` varchar(10) DEFAULT 'active',
  `created_at` datetime DEFAULT NULL
) ENGINE=InnoDB DEFAULT CHARSET=utf8;

-- --------------------------------------------------------

--
-- Table structure for table `spg_journey`
--

CREATE TABLE `spg_journey` (
  `id` int(11) NOT NULL,
  `spg_id` int(11) NOT NULL,
  `team_id` int(11) NOT NULL,
  `week` int(11) NOT NULL,
  `journey_date` date NOT NULL,
  `journey_day` varchar(20) DEFAULT '',
  `kecamatan` varchar(50) NOT NULL DEFAULT '',
  `stock` int(11) NOT NULL,
  `created_at` datetime DEFAULT NULL
) ENGINE=InnoDB DEFAULT CHARSET=utf8;

-- --------------------------------------------------------

--
-- Table structure for table `spg_location`
--

CREATE TABLE `spg_location` (
  `id` int(11) NOT NULL,
  `spg_id` int(11) NOT NULL,
  `journey_id` int(11) NOT NULL,
  `longitude` varchar(50) DEFAULT NULL,
  `latitude` varchar(50) DEFAULT NULL,
  `kecamatan_device` varchar(50) DEFAULT NULL,
  `kecamatan_survey` varchar(50) DEFAULT NULL,
  `is_read` int(11) DEFAULT NULL,
  `created_at` datetime DEFAULT NULL
) ENGINE=InnoDB DEFAULT CHARSET=utf8;

-- --------------------------------------------------------

--
-- Table structure for table `spg_survey`
--

CREATE TABLE `spg_survey` (
  `id` int(11) NOT NULL,
  `spg_id` int(11) NOT NULL,
  `journey_id` int(11) DEFAULT NULL,
  `week` int(11) DEFAULT NULL,
  `area` varchar(50) DEFAULT NULL,
  `product` varchar(50) DEFAULT NULL,
  `kecamatan` varchar(50) DEFAULT NULL,
  `lokasi` varchar(50) DEFAULT NULL,
  `tgl_input` date DEFAULT NULL,
  `nama_pelanggan` varchar(50) DEFAULT NULL,
  `umur` varchar(20) DEFAULT NULL,
  `jenis_kelamin` varchar(20) DEFAULT NULL,
  `alamat` text DEFAULT NULL,
  `pekerjaan` varchar(50) DEFAULT NULL,
  `no_telpon` varchar(20) DEFAULT NULL,
  `jumlah_beli` int(11) NOT NULL DEFAULT 0,
  `rokok_yang_dipakai` varchar(50) DEFAULT NULL,
  `tempat_beli_rokok` varchar(50) DEFAULT NULL,
  `tahu_rokok_evo` varchar(50) DEFAULT NULL,
  `komentar_harga` varchar(50) DEFAULT NULL,
  `komentar_rasa` varchar(50) DEFAULT NULL,
  `komentar_kemasan` varchar(50) DEFAULT NULL,
  `rayon` varchar(50) DEFAULT NULL,
  `created_at` datetime DEFAULT NULL
) ENGINE=InnoDB DEFAULT CHARSET=utf8;

-- --------------------------------------------------------

--
-- Table structure for table `team`
--

CREATE TABLE `team` (
  `id` int(11) NOT NULL,
  `nama_team` varchar(50) NOT NULL DEFAULT '',
  `area` varchar(50) NOT NULL DEFAULT '',
  `kecamatan` varchar(50) DEFAULT '',
  `status` varchar(10) DEFAULT 'active',
  `created_at` datetime DEFAULT NULL
) ENGINE=InnoDB DEFAULT CHARSET=utf8;

--
-- Dumping data for table `team`
--

INSERT INTO `team` (`id`, `nama_team`, `area`, `kecamatan`, `status`, `created_at`) VALUES
(12, 'BANGKALAN', 'KABUPATEN BANGKALAN', '', 'active', '2021-02-17 13:29:12'),
(13, 'SURABAYA 1', 'KOTA SURABAYA', '', 'active', '2021-02-17 19:05:53'),
(14, 'SIDOARJO', 'KABUPATEN SIDOARJO', '', 'active', '2021-02-17 19:22:31'),
(15, 'SAMPANG', 'KABUPATEN SAMPANG', '', 'active', '2021-02-17 19:22:45'),
(16, 'SURABAYA 2', 'KOTA SURABAYA', '', 'active', '2021-02-18 11:45:02');

-- --------------------------------------------------------

--
-- Table structure for table `team_leader`
--

CREATE TABLE `team_leader` (
  `id` int(11) NOT NULL,
  `team_id` int(11) NOT NULL,
  `username` varchar(50) NOT NULL,
  `password` varchar(100) NOT NULL,
  `nama` varchar(100) DEFAULT NULL,
  `created_at` datetime DEFAULT NULL
) ENGINE=InnoDB DEFAULT CHARSET=utf8;

--
-- Dumping data for table `team_leader`
--

INSERT INTO `team_leader` (`id`, `team_id`, `username`, `password`, `nama`, `created_at`) VALUES
(5, 12, 'tl_bangkalan', '6750c0194a5f9ae7194a0ae154b64959', 'Team Leader Bangkalan', '2021-02-17 19:08:03'),
(6, 13, 'tl_sby1', 'd4a45417dc63cad037f89d1e3c9fd634', 'Team Leader Surabaya 1', '2021-02-17 19:08:36'),
(7, 14, 'tl_sidoarjo', '9db597035f77a6c1167e05ca916801fa', 'Team Leader Sidoarjo', '2021-02-17 19:23:49'),
(8, 15, 'tl_sampang', 'e3bf171dc16a50ede1516ff8db0f7b15', 'Team Leader Sampang', '2021-02-17 19:24:30'),
(9, 16, 'tl_sby2', '98ec5a26e93d3c0e9a96e525be06e014', 'Team Leader Surabaya 2', '2021-02-20 09:52:10');

-- --------------------------------------------------------

--
-- Table structure for table `user`
--

CREATE TABLE `user` (
  `id` int(11) NOT NULL,
  `username` varchar(50) NOT NULL,
  `password` varchar(100) NOT NULL,
  `name` varchar(100) DEFAULT NULL,
  `role_id` int(11) NOT NULL,
  `team_id` int(11) DEFAULT NULL,
  `location` varchar(50) DEFAULT NULL,
  `created_at` datetime DEFAULT NULL
) ENGINE=InnoDB DEFAULT CHARSET=utf8;

--
-- Dumping data for table `user`
--

INSERT INTO `user` (`id`, `username`, `password`, `name`, `role_id`, `team_id`, `location`, `created_at`) VALUES
(3, 'admin', '21232f297a57a5a743894a0e4a801fc3', 'Administrator', 1, NULL, NULL, '2021-02-17 13:41:42'),
(4, 'admin_surabaya', '29ccfca0ee1f3db8949430215a30a411', 'Administrator Surabaya', 2, 13, NULL, '2021-02-17 19:06:09'),
(5, 'admin_bangkalan', '7bf570282789f2798b7d6c1714e63ce9', 'Administrator Bangkalan', 2, 12, NULL, '2021-02-17 19:06:47'),
(6, 'admin_sidoarjo', '6dabe9e5a3bc294d03067652f248b2e7', 'Administrator Sidoarjo', 2, 14, NULL, '2021-02-17 19:22:55'),
(7, 'admin_sampang', '21d6a4526873e2cf7d6afc4b79cea5c5', 'Administrator Sampang', 2, 15, NULL, '2021-02-17 19:23:19'),
(8, 'surabaya', '4a781ad4b82015b57143eb69ad1964dd', 'Admin Regional SBY', 3, NULL, 'KOTA SURABAYA,KABUPATEN SIDOARJO', '2021-02-19 15:14:16'),
(9, 'madura', '663733c750ec092c7b6ee5fcf018868a', 'Admin Regional Madura', 3, NULL, 'KABUPATEN BANGKALAN,KABUPATEN PAMEKASAN', '2021-02-19 15:15:01'),
(10, 'laksa', '9274eae5c531194f50bbf029e38f0046', 'Pak Laksa', 1, NULL, NULL, '2021-02-20 09:48:53');

--
-- Indexes for dumped tables
--

--
-- Indexes for table `m_kabupaten`
--
ALTER TABLE `m_kabupaten`
  ADD PRIMARY KEY (`id`);

--
-- Indexes for table `m_kecamatan`
--
ALTER TABLE `m_kecamatan`
  ADD PRIMARY KEY (`id`);

--
-- Indexes for table `m_provinsi`
--
ALTER TABLE `m_provinsi`
  ADD PRIMARY KEY (`id`);

--
-- Indexes for table `role`
--
ALTER TABLE `role`
  ADD PRIMARY KEY (`id`);

--
-- Indexes for table `spg`
--
ALTER TABLE `spg`
  ADD PRIMARY KEY (`id`),
  ADD KEY `team_id` (`team_id`);

--
-- Indexes for table `spg_journey`
--
ALTER TABLE `spg_journey`
  ADD PRIMARY KEY (`id`),
  ADD KEY `spg_id` (`spg_id`),
  ADD KEY `team_id` (`team_id`);

--
-- Indexes for table `spg_location`
--
ALTER TABLE `spg_location`
  ADD PRIMARY KEY (`id`),
  ADD KEY `spg_id` (`spg_id`),
  ADD KEY `journey_id` (`journey_id`);

--
-- Indexes for table `spg_survey`
--
ALTER TABLE `spg_survey`
  ADD PRIMARY KEY (`id`),
  ADD KEY `spg_id` (`spg_id`),
  ADD KEY `journey_id` (`journey_id`);

--
-- Indexes for table `team`
--
ALTER TABLE `team`
  ADD PRIMARY KEY (`id`);

--
-- Indexes for table `team_leader`
--
ALTER TABLE `team_leader`
  ADD PRIMARY KEY (`id`),
  ADD KEY `team_id` (`team_id`);

--
-- Indexes for table `user`
--
ALTER TABLE `user`
  ADD PRIMARY KEY (`id`),
  ADD KEY `team_id` (`team_id`),
  ADD KEY `role_id` (`role_id`);

--
-- AUTO_INCREMENT for dumped tables
--

--
-- AUTO_INCREMENT for table `role`
--
ALTER TABLE `role`
  MODIFY `id` int(11) NOT NULL AUTO_INCREMENT, AUTO_INCREMENT=4;

--
-- AUTO_INCREMENT for table `spg`
--
ALTER TABLE `spg`
  MODIFY `id` int(11) NOT NULL AUTO_INCREMENT, AUTO_INCREMENT=22;

--
-- AUTO_INCREMENT for table `spg_journey`
--
ALTER TABLE `spg_journey`
  MODIFY `id` int(11) NOT NULL AUTO_INCREMENT, AUTO_INCREMENT=41;

--
-- AUTO_INCREMENT for table `spg_location`
--
ALTER TABLE `spg_location`
  MODIFY `id` int(11) NOT NULL AUTO_INCREMENT, AUTO_INCREMENT=98;

--
-- AUTO_INCREMENT for table `spg_survey`
--
ALTER TABLE `spg_survey`
  MODIFY `id` int(11) NOT NULL AUTO_INCREMENT, AUTO_INCREMENT=39;

--
-- AUTO_INCREMENT for table `team`
--
ALTER TABLE `team`
  MODIFY `id` int(11) NOT NULL AUTO_INCREMENT, AUTO_INCREMENT=17;

--
-- AUTO_INCREMENT for table `team_leader`
--
ALTER TABLE `team_leader`
  MODIFY `id` int(11) NOT NULL AUTO_INCREMENT, AUTO_INCREMENT=10;

--
-- AUTO_INCREMENT for table `user`
--
ALTER TABLE `user`
  MODIFY `id` int(11) NOT NULL AUTO_INCREMENT, AUTO_INCREMENT=11;

--
-- Constraints for dumped tables
--

--
-- Constraints for table `spg`
--
ALTER TABLE `spg`
  ADD CONSTRAINT `spg_ibfk_1` FOREIGN KEY (`team_id`) REFERENCES `team` (`id`) ON DELETE CASCADE;

--
-- Constraints for table `spg_journey`
--
ALTER TABLE `spg_journey`
  ADD CONSTRAINT `spg_journey_ibfk_1` FOREIGN KEY (`spg_id`) REFERENCES `spg` (`id`) ON DELETE CASCADE,
  ADD CONSTRAINT `spg_journey_ibfk_2` FOREIGN KEY (`team_id`) REFERENCES `team` (`id`) ON DELETE CASCADE;

--
-- Constraints for table `spg_location`
--
ALTER TABLE `spg_location`
  ADD CONSTRAINT `spg_location_ibfk_1` FOREIGN KEY (`spg_id`) REFERENCES `spg` (`id`) ON DELETE CASCADE,
  ADD CONSTRAINT `spg_location_ibfk_2` FOREIGN KEY (`journey_id`) REFERENCES `spg_journey` (`id`) ON DELETE CASCADE;

--
-- Constraints for table `spg_survey`
--
ALTER TABLE `spg_survey`
  ADD CONSTRAINT `spg_survey_ibfk_1` FOREIGN KEY (`spg_id`) REFERENCES `spg` (`id`) ON DELETE CASCADE,
  ADD CONSTRAINT `spg_survey_ibfk_2` FOREIGN KEY (`journey_id`) REFERENCES `spg_journey` (`id`) ON DELETE CASCADE;

--
-- Constraints for table `team_leader`
--
ALTER TABLE `team_leader`
  ADD CONSTRAINT `team_leader_ibfk_1` FOREIGN KEY (`team_id`) REFERENCES `team` (`id`) ON DELETE CASCADE;

--
-- Constraints for table `user`
--
ALTER TABLE `user`
  ADD CONSTRAINT `user_ibfk_1` FOREIGN KEY (`team_id`) REFERENCES `team` (`id`) ON DELETE CASCADE,
  ADD CONSTRAINT `user_ibfk_2` FOREIGN KEY (`role_id`) REFERENCES `role` (`id`) ON DELETE CASCADE;
COMMIT;

/*!40101 SET CHARACTER_SET_CLIENT=@OLD_CHARACTER_SET_CLIENT */;
/*!40101 SET CHARACTER_SET_RESULTS=@OLD_CHARACTER_SET_RESULTS */;
/*!40101 SET COLLATION_CONNECTION=@OLD_COLLATION_CONNECTION */;
